{
    "0_17_0":1.0000000000000000,
    "1_10_7":1.0000000000000000,
    "1_11_0":1.0000000000000000,
    "1_12_1":1.0000000000000000,
    "1_13_2":1.0000000000000000,
    "1_13_3":1.0000000000000000,
    "1_15_5":1.0000000000000000,
    "1_16_5":1.0000000000000000,
    "2_0_1":1.0000000000000000,
    "2_11_0":1.0000000000000000,
    "2_1_7":1.0000000000000000,
    "2_3_2":1.0000000000000000,
    "2_3_3":1.0000000000000000,
    "3_0_1":1.0000000000000000,
    "3_11_0":1.0000000000000000,
    "3_1_7":1.0000000000000000,
    "4_1_7":1.0000000000000000,
    "4_5_3":1.0000000000000000,
    "4_6_1":1.0000000000000000,
    "4_7_1":1.0000000000000000,
    "5_11_0":1.0000000000000000,
    "7_21_6":1.0000000000000000
}